epoch,step,global_step,phase,loss,perplexity,accuracy,precision,recall,f1_macro,f1_weighted,learning_rate,samples_per_sec,wall_time_sec
0.0065,50,50,train,9.597701,14730.87,0.071981,,,,,0.00000534,0.0,88.8
0.0131,100,100,train,8.255852,3850.09,0.081275,,,,,0.00001078,0.0,133.1
0.0196,150,150,train,7.400128,1636.19,0.082140,,,,,0.00001623,0.0,177.9
0.0261,200,200,train,6.384960,592.86,0.105773,,,,,0.00002168,0.0,223.1
0.0326,250,250,train,5.534556,253.30,0.131551,,,,,0.00002712,0.0,268.2
0.0392,300,300,train,5.156406,173.54,0.133140,,,,,0.00003257,0.0,313.4
0.0457,350,350,train,5.027730,152.59,0.149158,,,,,0.00003802,0.0,358.6
0.0522,400,400,train,4.961826,142.85,0.148552,,,,,0.00004346,0.0,403.8
0.0588,450,450,train,4.906603,135.18,0.158611,,,,,0.00004891,0.0,449.0
0.0653,500,500,train,4.877832,131.35,0.158194,,,,,0.00005436,0.0,494.3
0.0718,550,550,train,4.841759,126.69,0.155735,,,,,0.00005980,0.0,539.4
0.0784,600,600,train,4.809505,122.67,0.150018,,,,,0.00006525,0.0,584.4
0.0849,650,650,train,4.803448,121.93,0.168910,,,,,0.00007070,0.0,629.7
0.0914,700,700,train,4.784422,119.63,0.156470,,,,,0.00007614,0.0,674.9
0.0979,750,750,train,4.776918,118.74,0.178297,,,,,0.00008159,0.0,719.9
0.1045,800,800,train,4.763722,117.18,0.167006,,,,,0.00008704,0.0,765.3
0.1110,850,850,train,4.754279,116.08,0.172844,,,,,0.00009248,0.0,810.5
0.1175,900,900,train,4.738762,114.29,0.165880,,,,,0.00009793,0.0,855.6
0.1241,950,950,train,4.734463,113.80,0.163352,,,,,0.00009978,0.0,900.7
0.1306,1000,1000,train,4.728524,113.13,0.178639,,,,,0.00009944,0.0,945.8
0.1371,1050,1050,train,4.715421,111.66,0.172348,,,,,0.00009909,0.0,990.9
0.1437,1100,1100,train,4.710218,111.08,0.155936,,,,,0.00009874,0.0,1035.8
0.1502,1150,1150,train,4.705990,110.61,0.156652,,,,,0.00009840,0.0,1080.7
0.1567,1200,1200,train,4.695621,109.47,0.166829,,,,,0.00009805,0.0,1125.8
0.0.1632,1250,1250,train,4.689267,108.77,0.165742,,,,,0.00009770,0.0,1200.40.1698,1300,1300,train,4.687594,108.59,0.167069,,,,,0.00009735,0.0,1215.9
0.1763,1350,1350,train,4.682039,107.99,0.165000,,,,,0.00009701,0.0,1261.3
0.1828,1400,1400,train,4.675358,107.27,0.155885,,,,,0.00009666,0.0,1306.2
0.1894,1450,1450,train,4.662605,105.91,0.173557,,,,,0.00009631,0.0,1351.4
0.1959,1500,1500,train,4.651085,104.70,0.161139,,,,,0.00009596,0.0,1396.7
0.2024,1550,1550,train,4.649125,104.49,0.171970,,,,,0.00009562,0.0,1442.4
0.2090,1600,1600,train,4.630643,102.58,0.168874,,,,,0.00009527,0.0,1488.2
0.2155,1650,1650,train,4.628384,102.35,0.161933,,,,,0.00009492,0.0,1533.8
0.2220,1700,1700,train,4.611125,100.60,0.175162,,,,,0.00009457,0.0,1579.5
0.2285,1750,1750,train,4.614184,100.91,0.168428,,,,,0.00009423,0.0,1624.8
0.2351,1800,1800,train,4.615792,101.07,0.173957,,,,,0.00009388,0.0,1670.4
0.2416,1850,1850,train,4.598837,99.37,0.177414,,,,,0.00009353,0.0,1716.1
0.2481,1900,1900,train,4.601255,99.61,0.165766,,,,,0.00009319,0.0,1761.7
0.0.2547,1950,1950,train,4.598753,99.36,0.178706,,,,,0.00009284,0.0,1837.00.2612,2000,2000,train,4.595535,99.04,0.172078,,,,,0.00009249,0.0,1853.1
0.2677,2050,2050,train,4.588359,98.33,0.161730,,,,,0.00009214,0.0,1898.5
0.2743,2100,2100,train,4.585298,98.03,0.179409,,,,,0.00009180,0.0,1944.2
0.2808,2150,2150,train,4.576101,97.13,0.171419,,,,,0.00009145,0.0,1989.7
0.2873,2200,2200,train,4.558418,95.43,0.180652,,,,,0.00009110,0.0,2035.3
0.2938,2250,2250,train,4.558571,95.45,0.184428,,,,,0.00009075,0.0,2081.0
0.3004,2300,2300,train,4.554792,95.09,0.182692,,,,,0.00009041,0.0,2126.6
0.3069,2350,2350,train,4.559078,95.50,0.176233,,,,,0.00009006,0.0,2171.9
0.3134,2400,2400,train,4.548755,94.51,0.168425,,,,,0.00008971,0.0,2217.4
0.3200,2450,2450,train,4.546671,94.32,0.172149,,,,,0.00008937,0.0,2262.7
0.3265,2500,2500,train,4.534187,93.15,0.180843,,,,,0.00008902,0.0,2307.9
0.3330,2550,2550,train,4.520425,91.87,0.185586,,,,,0.00008867,0.0,2353.2
0.3396,2600,2600,train,4.515079,91.38,0.186671,,,,,0.00008832,0.0,2398.7
0.3461,2650,2650,train,4.512727,91.17,0.178112,,,,,0.00008798,0.0,2444.0
0.3526,2700,2700,train,4.509360,90.86,0.184131,,,,,0.00008763,0.0,2489.2
0.3591,2750,2750,train,4.505818,90.54,0.175836,,,,,0.00008728,0.0,2534.7
0.3657,2800,2800,train,4.491787,89.28,0.167541,,,,,0.00008693,0.0,2579.9
0.3722,2850,2850,train,4.484569,88.64,0.184936,,,,,0.00008659,0.0,2625.0
0.3787,2900,2900,train,4.471630,87.50,0.193683,,,,,0.00008624,0.0,2670.2
0.3853,2950,2950,train,4.468866,87.26,0.185002,,,,,0.00008589,0.0,2715.4
0.3918,3000,3000,train,4.462892,86.74,0.187500,,,,,0.00008554,0.0,2760.7
0.3983,3050,3050,train,4.444088,85.12,0.199507,,,,,0.00008520,0.0,2806.0
0.4049,3100,3100,train,4.438412,84.64,0.182446,,,,,0.00008485,0.0,2851.2
0.4114,3150,3150,train,4.426196,83.61,0.196768,,,,,0.00008450,0.0,2896.1
0.4179,3200,3200,train,4.401328,81.56,0.200207,,,,,0.00008416,0.0,2941.3
0.4244,3250,3250,train,4.393054,80.89,0.205245,,,,,0.00008381,0.0,2986.4
0.4310,3300,3300,train,4.365245,78.67,0.203822,,,,,0.00008346,0.0,3031.7
0.4375,3350,3350,train,4.350587,77.52,0.198479,,,,,0.00008311,0.0,3077.0
0.4440,3400,3400,train,4.326507,75.68,0.233739,,,,,0.00008277,0.0,3122.3
0.4506,3450,3450,train,4.293152,73.20,0.222871,,,,,0.00008242,0.0,3167.7
0.4571,3500,3500,train,4.249743,70.09,0.233310,,,,,0.00008207,0.0,3212.8
0.4636,3550,3550,train,4.202299,66.84,0.233902,,,,,0.00008172,0.0,3258.3
0.4702,3600,3600,train,4.159003,64.01,0.229635,,,,,0.00008138,0.0,3303.6
0.4767,3650,3650,train,4.105146,60.65,0.244040,,,,,0.00008103,0.0,3348.8
0.4832,3700,3700,train,4.064510,58.24,0.243234,,,,,0.00008068,0.0,3394.1
0.4897,3750,3750,train,4.034214,56.50,0.255355,,,,,0.00008033,0.0,3439.4
0.0.4963,3800,3800,train,4.001884,54.70,0.272666,,,,,0.00007999,0.0,3514.50.5028,3850,3850,train,3.966423,52.80,0.261587,,,,,0.00007964,0.0,3530.3
0.5093,3900,3900,train,3.935211,51.17,0.269958,,,,,0.00007929,0.0,3575.7
0.5159,3950,3950,train,3.905654,49.68,0.271245,,,,,0.00007895,0.0,3621.0
0.5224,4000,4000,train,3.868743,47.88,0.267176,,,,,0.00007860,0.0,3666.2
0.5289,4050,4050,train,3.833674,46.23,0.288301,,,,,0.00007825,0.0,3711.4
0.5355,4100,4100,train,3.809995,45.15,0.281075,,,,,0.00007790,0.0,3756.7
0.5420,4150,4150,train,3.764616,43.15,0.278623,,,,,0.00007756,0.0,3801.7
0.5485,4200,4200,train,3.705853,40.68,0.293771,,,,,0.00007721,0.0,3846.9
0.5550,4250,4250,train,3.632956,37.82,0.309854,,,,,0.00007686,0.0,3892.4
0.5616,4300,4300,train,3.570323,35.53,0.321676,,,,,0.00007651,0.0,3937.7
0.5681,4350,4350,train,3.507230,33.36,0.328065,,,,,0.00007617,0.0,3983.1
0.5746,4400,4400,train,3.471541,32.19,0.326408,,,,,0.00007582,0.0,4028.4
0.5812,4450,4450,train,3.429688,30.87,0.316655,,,,,0.00007547,0.0,4073.5
0.5877,4500,4500,train,3.390773,29.69,0.349669,,,,,0.00007513,0.0,4118.8
0.5942,4550,4550,train,3.368087,29.02,0.340495,,,,,0.00007478,0.0,4164.0
0.6008,4600,4600,train,3.328589,27.90,0.339336,,,,,0.00007443,0.0,4209.4
0.6073,4650,4650,train,3.300498,27.13,0.359720,,,,,0.00007408,0.0,4254.8
0.0.6138,4700,4700,train,3.276236,26.48,0.356035,,,,,0.00007374,0.0,4329.90.6203,4750,4750,train,3.248984,25.76,0.348066,,,,,0.00007339,0.0,4345.5
0.6269,4800,4800,train,3.221978,25.08,0.355273,,,,,0.00007304,0.0,4390.6
0.6334,4850,4850,train,3.203102,24.61,0.370316,,,,,0.00007269,0.0,4436.1
0.6399,4900,4900,train,3.185104,24.17,0.380637,,,,,0.00007235,0.0,4481.3
0.6465,4950,4950,train,3.157398,23.51,0.364401,,,,,0.00007200,0.0,4526.4
0.6530,5000,5000,train,3.143825,23.19,0.371448,,,,,0.00007165,0.0,4571.8
0.6595,5050,5050,train,3.120092,22.65,0.377596,,,,,0.00007130,0.0,4617.0
0.6661,5100,5100,train,3.099930,22.20,0.379702,,,,,0.00007096,0.0,4662.0
0.6726,5150,5150,train,3.099587,22.19,0.387340,,,,,0.00007061,0.0,4707.4
0.6791,5200,5200,train,3.080098,21.76,0.381660,,,,,0.00007026,0.0,4752.4
0.0.6856,5250,5250,train,3.067173,21.48,0.384400,,,,,0.00006992,0.0,4827.30.6922,5300,5300,train,3.047655,21.07,0.393692,,,,,0.00006957,0.0,4842.7
0.0.6987,5350,5350,train,3.038084,20.87,0.364166,,,,,0.00006922,0.0,4917.70.7052,5400,5400,train,3.021629,20.52,0.391042,,,,,0.00006887,0.0,4933.1
0.7118,5450,5450,train,3.009444,20.28,0.392831,,,,,0.00006853,0.0,4978.3
0.7183,5500,5500,train,3.000187,20.09,0.376245,,,,,0.00006818,0.0,5023.4
0.7248,5550,5550,train,2.988648,19.86,0.403114,,,,,0.00006783,0.0,5068.7
0.7314,5600,5600,train,2.980403,19.70,0.397458,,,,,0.00006748,0.0,5114.0
0.7379,5650,5650,train,2.972882,19.55,0.409206,,,,,0.00006714,0.0,5159.1
0.7444,5700,5700,train,2.969257,19.48,0.415205,,,,,0.00006679,0.0,5204.3
0.7509,5750,5750,train,2.960583,19.31,0.395869,,,,,0.00006644,0.0,5249.5
0.7575,5800,5800,train,2.938972,18.90,0.391156,,,,,0.00006609,0.0,5294.9
0.0.7640,5850,5850,train,2.926747,18.67,0.400497,,,,,0.00006575,0.0,5369.90.7705,5900,5900,train,2.921890,18.58,0.400701,,,,,0.00006540,0.0,5385.5
0.7771,5950,5950,train,2.913745,18.43,0.394625,,,,,0.00006505,0.0,5430.9
0.7836,6000,6000,train,2.905544,18.28,0.395804,,,,,0.00006471,0.0,5476.0
0.7901,6050,6050,train,2.893211,18.05,0.400280,,,,,0.00006436,0.0,5521.3
0.7967,6100,6100,train,2.881739,17.85,0.403473,,,,,0.00006401,0.0,5566.6
0.8032,6150,6150,train,2.872479,17.68,0.414171,,,,,0.00006366,0.0,5611.8
0.8097,6200,6200,train,2.872216,17.68,0.396463,,,,,0.00006332,0.0,5657.1
0.8162,6250,6250,train,2.853970,17.36,0.410675,,,,,0.00006297,0.0,5702.6
0.8228,6300,6300,train,2.854565,17.37,0.408699,,,,,0.00006262,0.0,5748.1
0.8293,6350,6350,train,2.845594,17.21,0.423330,,,,,0.00006227,0.0,5793.4
0.0.8358,6400,6400,train,2.844467,17.19,0.421144,,,,,0.00006193,0.0,5868.20.8424,6450,6450,train,2.835724,17.04,0.422166,,,,,0.00006158,0.0,5883.7
0.8489,6500,6500,train,2.827468,16.90,0.427574,,,,,0.00006123,0.0,5929.0
0.8554,6550,6550,train,2.821635,16.80,0.427098,,,,,0.00006088,0.0,5974.2
0.8620,6600,6600,train,2.816414,16.72,0.434925,,,,,0.00006054,0.0,6019.7
0.0.8685,6650,6650,train,2.812880,16.66,0.421759,,,,,0.00006019,0.0,6094.80.8750,6700,6700,train,2.813314,16.67,0.409235,,,,,0.00005984,0.0,6110.5
0.8815,6750,6750,train,2.800710,16.46,0.424701,,,,,0.00005950,0.0,6155.5
0.8881,6800,6800,train,2.786212,16.22,0.432402,,,,,0.00005915,0.0,6200.7
0.8946,6850,6850,train,2.785677,16.21,0.431547,,,,,0.00005880,0.0,6246.1
0.9011,6900,6900,train,2.777241,16.07,0.426771,,,,,0.00005845,0.0,6291.4
0.9077,6950,6950,train,2.768035,15.93,0.426522,,,,,0.00005811,0.0,6336.8
0.9142,7000,7000,train,2.772681,16.00,0.426657,,,,,0.00005776,0.0,6382.0
0.0.9207,7050,7050,train,2.761640,15.83,0.423146,,,,,0.00005741,0.0,6456.90.9273,7100,7100,train,2.749148,15.63,0.448388,,,,,0.00005706,0.0,6472.6
0.9338,7150,7150,train,2.742102,15.52,0.431288,,,,,0.00005672,0.0,6517.8
0.9403,7200,7200,train,2.746255,15.58,0.428928,,,,,0.00005637,0.0,6563.1
0.9468,7250,7250,train,2.736674,15.44,0.417860,,,,,0.00005602,0.0,6608.4
0.9534,7300,7300,train,2.742082,15.52,0.435897,,,,,0.00005568,0.0,6653.8
0.9599,7350,7350,train,2.728504,15.31,0.419799,,,,,0.00005533,0.0,6699.0
0.9664,7400,7400,train,2.734901,15.41,0.425146,,,,,0.00005498,0.0,6744.1
0.9730,7450,7450,train,2.725798,15.27,0.415094,,,,,0.00005463,0.0,6789.2
0.9795,7500,7500,train,2.713782,15.09,0.435644,,,,,0.00005429,0.0,6834.6
0.9860,7550,7550,train,2.714490,15.10,0.438346,,,,,0.00005394,0.0,6879.7
0.0.9926,7600,7600,train,2.707694,14.99,0.448210,,,,,0.00005359,0.0,6954.60.9991,7650,7650,train,2.699148,14.87,0.439510,,,,,0.00005324,0.0,6970.3
1.0000,7657,7657,val,2.611324,13.62,0.450668,0.458880,0.450668,0.181554,0.426450,,490.1,7018.0
1.0056,7700,7700,train,2.699056,14.87,0.444163,,,,,0.00005290,0.0,7060.5
1.0121,7750,7750,train,2.701210,14.90,0.450535,,,,,0.00005255,0.0,7105.8
1.0187,7800,7800,train,2.693027,14.78,0.439662,,,,,0.00005220,0.0,7151.0
1.1.0252,7850,7850,train,2.691156,14.75,0.434062,,,,,0.00005185,0.0,7226.51.1.0317,7900,7900,train,2.679121,14.57,0.448366,,,,,0.00005151,0.0,7272.21.0383,7950,7950,train,2.679645,14.58,0.440690,,,,,0.00005116,0.0,7287.9
1.0448,8000,8000,train,2.670394,14.45,0.427163,,,,,0.00005081,0.0,7333.3
1.0513,8050,8050,train,2.668455,14.42,0.456307,,,,,0.00005047,0.0,7378.7
1.0579,8100,8100,train,2.664383,14.36,0.449352,,,,,0.00005012,0.0,7424.1
1.0644,8150,8150,train,2.662471,14.33,0.438904,,,,,0.00004977,0.0,7469.3
1.0709,8200,8200,train,2.660117,14.30,0.453862,,,,,0.00004942,0.0,7514.6
1.0774,8250,8250,train,2.652060,14.18,0.442048,,,,,0.00004908,0.0,7560.4
1.0840,8300,8300,train,2.646418,14.10,0.436468,,,,,0.00004873,0.0,7605.8
1.0905,8350,8350,train,2.645376,14.09,0.437322,,,,,0.00004838,0.0,7651.4
1.0970,8400,8400,train,2.637625,13.98,0.449660,,,,,0.00004803,0.0,7697.3
1.1036,8450,8450,train,2.641182,14.03,0.449632,,,,,0.00004769,0.0,7743.1
1.1101,8500,8500,train,2.637885,13.98,0.433475,,,,,0.00004734,0.0,7788.5
1.1166,8550,8550,train,2.643240,14.06,0.445505,,,,,0.00004699,0.0,7834.1
1.1232,8600,8600,train,2.622006,13.76,0.455287,,,,,0.00004664,0.0,7879.5
1.1297,8650,8650,train,2.637064,13.97,0.459328,,,,,0.00004630,0.0,7924.8
1.1362,8700,8700,train,2.617064,13.70,0.442224,,,,,0.00004595,0.0,7970.4
1.1427,8750,8750,train,2.612596,13.63,0.460650,,,,,0.00004560,0.0,8016.0
1.1.1493,8800,8800,train,2.624908,13.80,0.448645,,,,,0.00004526,0.0,8091.21.1558,8850,8850,train,2.618554,13.72,0.432161,,,,,0.00004491,0.0,8106.9
1.1623,8900,8900,train,2.610258,13.60,0.450170,,,,,0.00004456,0.0,8152.6
1.1689,8950,8950,train,2.608148,13.57,0.440603,,,,,0.00004421,0.0,8198.3
1.1754,9000,9000,train,2.603956,13.52,0.453605,,,,,0.00004387,0.0,8244.0
1.1819,9050,9050,train,2.610101,13.60,0.438901,,,,,0.00004352,0.0,8289.8
1.1885,9100,9100,train,2.591055,13.34,0.459694,,,,,0.00004317,0.0,8335.5
1.1950,9150,9150,train,2.595764,13.41,0.450306,,,,,0.00004282,0.0,8381.2
1.2015,9200,9200,train,2.590591,13.34,0.472400,,,,,0.00004248,0.0,8426.5
1.2080,9250,9250,train,2.588549,13.31,0.452474,,,,,0.00004213,0.0,8472.1
1.2146,9300,9300,train,2.583291,13.24,0.450820,,,,,0.00004178,0.0,8517.6
1.2211,9350,9350,train,2.569763,13.06,0.466060,,,,,0.00004144,0.0,8563.3
1.2276,9400,9400,train,2.581036,13.21,0.460914,,,,,0.00004109,0.0,8608.3
1.2342,9450,9450,train,2.577891,13.17,0.460973,,,,,0.00004074,0.0,8653.7
1.2407,9500,9500,train,2.564291,12.99,0.460860,,,,,0.00004039,0.0,8699.3
1.2472,9550,9550,train,2.564627,13.00,0.477422,,,,,0.00004005,0.0,8744.6
1.2538,9600,9600,train,2.575236,13.13,0.450406,,,,,0.00003970,0.0,8790.2
1.2603,9650,9650,train,2.566804,13.02,0.469313,,,,,0.00003935,0.0,8835.7
1.2668,9700,9700,train,2.558892,12.92,0.449667,,,,,0.00003900,0.0,8881.4
1.2733,9750,9750,train,2.567419,13.03,0.463496,,,,,0.00003866,0.0,8926.8
1.2799,9800,9800,train,2.561005,12.95,0.468551,,,,,0.00003831,0.0,8972.2
1.2864,9850,9850,train,2.551751,12.83,0.452582,,,,,0.00003796,0.0,9018.0
1.2929,9900,9900,train,2.545574,12.75,0.477455,,,,,0.00003761,0.0,9063.9
1.2995,9950,9950,train,2.553109,12.85,0.463388,,,,,0.00003727,0.0,9109.8
1.1.3060,10000,10000,train,2.551475,12.83,0.447674,,,,,0.00003692,0.0,9185.21.3125,10050,10050,train,2.550686,12.82,0.464129,,,,,0.00003657,0.0,9200.5
1.3191,10100,10100,train,2.548830,12.79,0.455538,,,,,0.00003623,0.0,9245.9
1.3256,10150,10150,train,2.547860,12.78,0.473594,,,,,0.00003588,0.0,9291.1
1.3321,10200,10200,train,2.542755,12.71,0.456799,,,,,0.00003553,0.0,9336.5
1.3386,10250,10250,train,2.543167,12.72,0.462205,,,,,0.00003518,0.0,9382.1
1.3452,10300,10300,train,2.535218,12.62,0.469217,,,,,0.00003484,0.0,9427.3
1.3517,10350,10350,train,2.545802,12.75,0.478505,,,,,0.00003449,0.0,9472.5
1.3582,10400,10400,train,2.534986,12.62,0.469638,,,,,0.00003414,0.0,9517.5
1.3648,10450,10450,train,2.518769,12.41,0.471029,,,,,0.00003379,0.0,9562.8
1.3713,10500,10500,train,2.530642,12.56,0.476761,,,,,0.00003345,0.0,9608.5
1.3778,10550,10550,train,2.531993,12.58,0.454417,,,,,0.00003310,0.0,9654.0
1.3844,10600,10600,train,2.529685,12.55,0.470798,,,,,0.00003275,0.0,9699.6
1.3909,10650,10650,train,2.526258,12.51,0.474644,,,,,0.00003240,0.0,9744.8
1.3974,10700,10700,train,2.518860,12.41,0.446588,,,,,0.00003206,0.0,9790.3
1.4039,10750,10750,train,2.507372,12.27,0.481166,,,,,0.00003171,0.0,9836.1
1.4105,10800,10800,train,2.517545,12.40,0.486993,,,,,0.00003136,0.0,9881.5
1.4170,10850,10850,train,2.535812,12.63,0.456842,,,,,0.00003102,0.0,9927.0
1.4235,10900,10900,train,2.512734,12.34,0.470588,,,,,0.00003067,0.0,9972.7
1.4301,10950,10950,train,2.508949,12.29,0.470092,,,,,0.00003032,0.0,10018.2
1.4366,11000,11000,train,2.505996,12.26,0.474058,,,,,0.00002997,0.0,10063.8
1.4431,11050,11050,train,2.512619,12.34,0.447071,,,,,0.00002963,0.0,10109.4
1.4497,11100,11100,train,2.509349,12.30,0.458005,,,,,0.00002928,0.0,10155.0
1.4562,11150,11150,train,2.515692,12.38,0.490480,,,,,0.00002893,0.0,10200.7
1.4627,11200,11200,train,2.506775,12.27,0.461903,,,,,0.00002858,0.0,10246.1
1.4692,11250,11250,train,2.509657,12.30,0.459332,,,,,0.00002824,0.0,10291.6
1.41.4758,11300,11300,train,2.506197,12.26,0.465285,,,,,0.00002789,0.0,10366.1.4823,11350,11350,train,2.502673,12.22,0.453857,,,,,0.00002754,0.0,10382.6
1.4888,11400,11400,train,2.494681,12.12,0.469854,,,,,0.00002720,0.0,10427.9
1.4954,11450,11450,train,2.497398,12.15,0.473047,,,,,0.00002685,0.0,10473.5
1.5019,11500,11500,train,2.490385,12.07,0.465555,,,,,0.00002650,0.0,10518.7
1.5084,11550,11550,train,2.498168,12.16,0.477163,,,,,0.00002615,0.0,10564.1
1.5150,11600,11600,train,2.488487,12.04,0.458490,,,,,0.00002581,0.0,10609.4
1.51.5215,11650,11650,train,2.497370,12.15,0.477071,,,,,0.00002546,0.0,10684.1.5280,11700,11700,train,2.488379,12.04,0.472120,,,,,0.00002511,0.0,10700.7
1.5345,11750,11750,train,2.492825,12.10,0.468582,,,,,0.00002476,0.0,10746.1
1.5411,11800,11800,train,2.486667,12.02,0.474297,,,,,0.00002442,0.0,10791.9
1.51.5476,11850,11850,train,2.478760,11.93,0.467377,,,,,0.00002407,0.0,10866.1.5541,11900,11900,train,2.486092,12.01,0.463197,,,,,0.00002372,0.0,10882.5
1.5607,11950,11950,train,2.487657,12.03,0.462459,,,,,0.00002337,0.0,10927.6
1.5672,12000,12000,train,2.479839,11.94,0.460731,,,,,0.00002303,0.0,10972.9
1.51.5737,12050,12050,train,2.477618,11.91,0.487747,,,,,0.00002268,0.0,11048.1.5803,12100,12100,train,2.485542,12.01,0.468750,,,,,0.00002233,0.0,11064.1
1.5868,12150,12150,train,2.480923,11.95,0.473186,,,,,0.00002199,0.0,11109.8
1.5933,12200,12200,train,2.476787,11.90,0.472888,,,,,0.00002164,0.0,11155.5
1.5998,12250,12250,train,2.471502,11.84,0.485216,,,,,0.00002129,0.0,11200.9
1.6064,12300,12300,train,2.471187,11.84,0.456438,,,,,0.00002094,0.0,11246.7
1.6129,12350,12350,train,2.468203,11.80,0.461753,,,,,0.00002060,0.0,11292.1
1.6194,12400,12400,train,2.473250,11.86,0.464845,,,,,0.00002025,0.0,11337.8
1.6260,12450,12450,train,2.463446,11.75,0.454099,,,,,0.00001990,0.0,11383.6
1.6325,12500,12500,train,2.458717,11.69,0.476375,,,,,0.00001955,0.0,11429.4
1.6390,12550,12550,train,2.475630,11.89,0.484977,,,,,0.00001921,0.0,11475.1
1.6456,12600,12600,train,2.461292,11.72,0.473795,,,,,0.00001886,0.0,11520.4
1.6521,12650,12650,train,2.462406,11.73,0.467788,,,,,0.00001851,0.0,11565.9
1.6586,12700,12700,train,2.470768,11.83,0.491947,,,,,0.00001816,0.0,11611.5
1.6651,12750,12750,train,2.466775,11.78,0.470051,,,,,0.00001782,0.0,11656.9
1.6717,12800,12800,train,2.464998,11.76,0.456115,,,,,0.00001747,0.0,11702.2
1.6782,12850,12850,train,2.462545,11.73,0.480216,,,,,0.00001712,0.0,11748.0
1.6847,12900,12900,train,2.461696,11.72,0.457207,,,,,0.00001678,0.0,11793.3
1.6913,12950,12950,train,2.453915,11.63,0.468608,,,,,0.00001643,0.0,11838.7
1.61.6978,13000,13000,train,2.459588,11.70,0.475372,,,,,0.00001608,0.0,11914.1.71.7043,13050,13050,train,2.453211,11.63,0.495311,,,,,0.00001573,0.0,11959.1.7109,13100,13100,train,2.456076,11.66,0.461119,,,,,0.00001539,0.0,11975.5
1.7174,13150,13150,train,2.446899,11.55,0.467807,,,,,0.00001504,0.0,12021.0
1.71.7239,13200,13200,train,2.450917,11.60,0.474376,,,,,0.00001469,0.0,12096.1.71.7304,13250,13250,train,2.444053,11.52,0.483358,,,,,0.00001434,0.0,12141.1.7370,13300,13300,train,2.438107,11.45,0.480474,,,,,0.00001400,0.0,12157.5
1.7435,13350,13350,train,2.441936,11.50,0.494033,,,,,0.00001365,0.0,12203.1
1.7500,13400,13400,train,2.450139,11.59,0.471309,,,,,0.00001330,0.0,12248.7
1.7566,13450,13450,train,2.441794,11.49,0.477705,,,,,0.00001295,0.0,12294.4
1.7631,13500,13500,train,2.446624,11.55,0.470688,,,,,0.00001261,0.0,12340.1
1.7696,13550,13550,train,2.452772,11.62,0.473993,,,,,0.00001226,0.0,12385.6
1.7762,13600,13600,train,2.448409,11.57,0.463536,,,,,0.00001191,0.0,12431.2
1.71.7827,13650,13650,train,2.443062,11.51,0.487572,,,,,0.00001157,0.0,12506.1.7892,13700,13700,train,2.446495,11.55,0.473141,,,,,0.00001122,0.0,12522.0
1.7957,13750,13750,train,2.447850,11.56,0.467324,,,,,0.00001087,0.0,12567.6
1.8023,13800,13800,train,2.431093,11.37,0.478472,,,,,0.00001052,0.0,12612.6
1.81.8088,13850,13850,train,2.440234,11.48,0.457951,,,,,0.00001018,0.0,12687.1.8153,13900,13900,train,2.430146,11.36,0.477248,,,,,0.00000983,0.0,12703.6
1.8219,13950,13950,train,2.434535,11.41,0.484243,,,,,0.00000948,0.0,12749.3
1.81.8284,14000,14000,train,2.426320,11.32,0.492330,,,,,0.00000913,0.0,12824.1.8349,14050,14050,train,2.444092,11.52,0.469256,,,,,0.00000879,0.0,12840.0
1.8415,14100,14100,train,2.437039,11.44,0.489191,,,,,0.00000844,0.0,12885.8
1.8480,14150,14150,train,2.435116,11.42,0.488541,,,,,0.00000809,0.0,12931.5
1.8545,14200,14200,train,2.435494,11.42,0.471554,,,,,0.00000775,0.0,12977.2
1.8610,14250,14250,train,2.428071,11.34,0.467039,,,,,0.00000740,0.0,13022.9
1.8676,14300,14300,train,2.435040,11.42,0.494657,,,,,0.00000705,0.0,13068.6
1.8741,14350,14350,train,2.428663,11.34,0.486035,,,,,0.00000670,0.0,13114.2
1.8806,14400,14400,train,2.421963,11.27,0.499095,,,,,0.00000636,0.0,13159.9
1.8872,14450,14450,train,2.434754,11.41,0.472233,,,,,0.00000601,0.0,13205.7
1.8937,14500,14500,train,2.427290,11.33,0.487500,,,,,0.00000566,0.0,13251.4
1.9002,14550,14550,train,2.429009,11.35,0.495658,,,,,0.00000531,0.0,13297.2
1.91.9068,14600,14600,train,2.443762,11.52,0.489895,,,,,0.00000497,0.0,13372.1.9133,14650,14650,train,2.424555,11.30,0.465283,,,,,0.00000462,0.0,13387.8
1.9198,14700,14700,train,2.432857,11.39,0.474203,,,,,0.00000427,0.0,13433.3
1.9263,14750,14750,train,2.416594,11.21,0.474974,,,,,0.00000392,0.0,13479.1
1.9329,14800,14800,train,2.431551,11.38,0.476576,,,,,0.00000358,0.0,13524.8
1.9394,14850,14850,train,2.424198,11.29,0.472845,,,,,0.00000323,0.0,13570.4
1.9459,14900,14900,train,2.421601,11.26,0.470380,,,,,0.00000288,0.0,13616.1
1.9525,14950,14950,train,2.418771,11.23,0.490485,,,,,0.00000254,0.0,13661.6
1.9590,15000,15000,train,2.427903,11.34,0.493955,,,,,0.00000219,0.0,13707.3
1.91.9655,15050,15050,train,2.423714,11.29,0.499459,,,,,0.00000184,0.0,13782.1.91.9721,15100,15100,train,2.427405,11.33,0.478496,,,,,0.00000149,0.0,13828.1.9786,15150,15150,train,2.416639,11.21,0.507601,,,,,0.00000115,0.0,13844.4
1.9851,15200,15200,train,2.426397,11.32,0.485625,,,,,0.00000080,0.0,13890.1
1.9916,15250,15250,train,2.429585,11.35,0.489621,,,,,0.00000045,0.0,13935.5
1.9982,15300,15300,train,2.420011,11.25,0.472378,,,,,0.00000010,0.0,13981.3
2.02.0000,15314,15314,val,2.344437,10.43,0.495494,0.492095,0.495494,0.236613,0.474808,,497.1,14064.5
